Workbook

Sheet Task 1
A1: Task 1: Create the 'Order Amount' Column
A2: Simulated Zomato order values (₹100 to ₹1000) for one day: 20 orders.
A4: S.No. | B4: Order Amount | D4: Task Details
A5: 1 | B5: 450 | D5: Create a column named 'Order Amount' with 20 random numbers between 100 and 1000.
A6: 2 | B6: 275
A7: 3 | B7: 620 | D7: Blue values = input data (typed in). Black = formulas.
A8: 4 | B8: 180
A9: 5 | B9: 845 | D9: To generate fresh random data: use =RANDBETWEEN(100,1000) in B5 and fill down to B24, then Copy > Paste Special > Values.
A10: 6 | B10: 350
A11: 7 | B11: 275
A12: 8 | B12: 990 | D12: Fixed values are used here so that one value (₹275) repeats; MODE needs a repeated value to return a result.
A13: 9 | B13: 130
A14: 10 | B14: 560
A15: 11 | B15: 720
A16: 12 | B16: 275
A17: 13 | B17: 410
A18: 14 | B18: 305
A19: 15 | B19: 880
A20: 16 | B20: 150
A21: 17 | B21: 640
A22: 18 | B22: 510
A23: 19 | B23: 235
A24: 20 | B24: 925
A26: Total orders | B26: =COUNT(B5:B24) -> 20

Sheet Task 2
A1: Task 2: Mean, Median and Mode
A2: Calculated from the 'Order Amount' column in Task 1 (cells B5:B24) using Excel functions.
A4: # | B4: Measure | C4: Excel Formula Used | D4: Result | E4: How it is calculated
A5: 1 | B5: Mean | C5: =AVERAGE(B5:B24) | D5: =AVERAGE('Task 1'!B5:B24) -> 486.25 | E5: Sum of all order amounts ÷ number of orders.
A6: 2 | B6: Median | C6: =MEDIAN(B5:B24) | D6: =MEDIAN('Task 1'!B5:B24) -> 430 | E6: Middle value of the sorted data. With 20 values, average of the 10th and 11th.
A7: 3 | B7: Mode | C7: =MODE(B5:B24) | D7: =MODE('Task 1'!B5:B24) -> 275 | E7: The most frequently occurring order amount.
B10: Supporting Statistics
A11: # | B11: Measure | C11: Excel Formula Used | D11: Result | E11: Description
A12: 1 | B12: Count | C12: =COUNT(B5:B24) | D12: =COUNT('Task 1'!B5:B24) -> 20 | E12: Number of orders (population size).
A13: 2 | B13: Sum | C13: =SUM(B5:B24) | D13: =SUM('Task 1'!B5:B24) -> 9725 | E13: Total value of all orders for the day.
A14: 3 | B14: Minimum | C14: =MIN(B5:B24) | D14: =MIN('Task 1'!B5:B24) -> 130 | E14: Smallest order.
A15: 4 | B15: Maximum | C15: =MAX(B5:B24) | D15: =MAX('Task 1'!B5:B24) -> 990 | E15: Largest order.
B17: Interpretation
B18: ="The mean (₹"&TEXT(D5,"0.00")&") is "&IF(D5>D6,"higher","lower")&" than the median (₹"&TEXT(D6,"0.00")&"), which suggests a few "&IF(D5>D6,"high","low")&"-value orders pull the average "&IF(D5>D6,"up","down")&". The most common order is ₹"&TEXT(D7,"0")&"." -> The mean (₹486.25) is higher than the median (₹430.00), which suggests a few high-value orders pull the average up. The most common order is ₹275.

Sheet Task 3
A1: Task 3: Sample Mean vs Population Mean
A2: Sample = first 5 values of 'Order Amount'. Population = all 20 orders.
A4: Sample Order (first 5) | B4: Order Amount
A5: Order 1 | B5: ='Task 1'!B5 -> 450
A6: Order 2 | B6: ='Task 1'!B6 -> 275
A7: Order 3 | B7: ='Task 1'!B7 -> 620
A8: Order 4 | B8: ='Task 1'!B8 -> 180
A9: Order 5 | B9: ='Task 1'!B9 -> 845
A11: Comparison | B11: Value
A12: Sample Mean (first 5) | B12: =AVERAGE(B5:B9) -> 474
A13: Population Mean (all 20) | B13: =AVERAGE('Task 1'!B5:B24) -> 486.25
A14: Difference (Sample − Population) | B14: =B12-B13 -> -12.25
A15: Difference (%) | B15: =B14/B13 -> -0.025192802
A17: Observation
A18: ="The sample mean (₹"&TEXT(B12,"0.00")&") is "&IF(B14<0,"lower","higher")&" than the population mean (₹"&TEXT(B13,"0.00")&") by ₹"&TEXT(ABS(B14),"0.00")&" ("&TEXT(ABS(B15),"0.0%")&"). A sample gives a good estimate but is rarely exact; a larger or random sample usually gets closer to the true mean." -> The sample mean (₹474.00) is lower than the population mean (₹486.25) by ₹12.25 (2.5%). A sample gives a good estimate but is rarely exact; a larger or random sample usually gets closer to the true mean.

Sheet Task 4
A1: Task 4: Population vs Sample
A2: Explained using the Zomato order data from Task 1.
A4: Aspect | B4: Population | C4: Sample
A5: Definition | B5: The complete set of data we want to study. | C5: A smaller subset taken from the population.
A6: In this assignment | B6: All 20 Zomato orders placed during the day. | C6: The first 5 orders (Task 3).
A7: Size (n) | B7: =COUNT('Task 1'!B5:B24) -> 20 | C7: =COUNT('Task 3'!B5:B9) -> 5
A8: Mean | B8: ='Task 3'!B13 -> 486.25 | C8: ='Task 3'!B12 -> 474
A9: Nature of result | B9: True value (parameter). | C9: Estimate of the true value (statistic); has sampling error.
A11: Explanation
A12: The population is the complete set of data we want to study. In this example it is all 20 Zomato orders placed during the day, and its mean of ₹486.25 is the true average order value. A sample is a smaller subset taken from that population. Here, the first 5 orders form a sample, and their mean of ₹474 is only an estimate of the true average. The sample result differs slightly from the population result, which shows that samples carry some sampling error.
A18: Which is more practical for a food delivery company?
A19: For a company like Zomato, using a sample is usually more practical. It receives lakhs of orders every day across many cities, so analysing every order for each decision would be slow, costly and often unnecessary. A well-chosen, random sample can estimate average order value, delivery time or customer preferences quickly and cheaply, and still be accurate enough to guide decisions on pricing, offers and delivery staffing.
