Workbook

Sheet Data
A1: InvoiceNo | B1: StockCode | C1: Description | D1: Quantity | E1: InvoiceDate | F1: UnitPrice | G1: CustomerID | H1: Country | I1: LineTotal | J1: Valid | K1: UK_FirstCustomerRow
A2: 536366 | B2: 10029 | C2: DOORMAT | D2: 4 | E2: 40513.355 | F2: 3.33 | G2: 17203 | H2: United Kingdom | I2: =D2*F2 -> 13.32 | J2: =IF(AND(LEFT(A2,1)<>"C",D2>0,F2>0),1,0) -> 1 | K2: =IF(AND(H2="United Kingdom",G2<>"",COUNTIFS($G$2:G2,G2,$H$2:H2,"United Kingdom")=1),1,0) -> 1
A3: 536366 | B3: 10016 | C3: NOTEBOOK | D3: 2 | E3: 40513.355 | F3: 3.18 | G3: 17203 | H3: United Kingdom | I3: =D3*F3 -> 6.36 | J3: =IF(AND(LEFT(A3,1)<>"C",D3>0,F3>0),1,0) -> 1 | K3: =IF(AND(H3="United Kingdom",G3<>"",COUNTIFS($G$2:G3,G3,$H$2:H3,"United Kingdom")=1),1,0) -> 0
A4: 536366 | B4: 10025 | C4: TRAY | D4: 8 | E4: 40513.355 | F4: 1.92 | G4: 17203 | H4: United Kingdom | I4: =D4*F4 -> 15.36 | J4: =IF(AND(LEFT(A4,1)<>"C",D4>0,F4>0),1,0) -> 1 | K4: =IF(AND(H4="United Kingdom",G4<>"",COUNTIFS($G$2:G4,G4,$H$2:H4,"United Kingdom")=1),1,0) -> 0
A5: 536365 | B5: 10025 | C5: TRAY | D5: 6 | E5: 40513.691 | F5: 1.92 | H5: United Kingdom | I5: =D5*F5 -> 11.52 | J5: =IF(AND(LEFT(A5,1)<>"C",D5>0,F5>0),1,0) -> 1 | K5: =IF(AND(H5="United Kingdom",G5<>"",COUNTIFS($G$2:G5,G5,$H$2:H5,"United Kingdom")=1),1,0) -> 0
A6: 536365 | B6: 10011 | C6: LUNCH BAG | D6: 16 | E6: 40513.691 | F6: 4.24 | H6: United Kingdom | I6: =D6*F6 -> 67.84 | J6: =IF(AND(LEFT(A6,1)<>"C",D6>0,F6>0),1,0) -> 1 | K6: =IF(AND(H6="United Kingdom",G6<>"",COUNTIFS($G$2:G6,G6,$H$2:H6,"United Kingdom")=1),1,0) -> 0
A7: 536365 | B7: 10027 | C7: CAKE STAND | D7: 4 | E7: 40513.691 | F7: 3.18 | H7: United Kingdom | I7: =D7*F7 -> 12.72 | J7: =IF(AND(LEFT(A7,1)<>"C",D7>0,F7>0),1,0) -> 1 | K7: =IF(AND(H7="United Kingdom",G7<>"",COUNTIFS($G$2:G7,G7,$H$2:H7,"United Kingdom")=1),1,0) -> 0
A8: 536367 | B8: 10025 | C8: TRAY | D8: 6 | E8: 40514.436 | F8: 1.92 | H8: United Kingdom | I8: =D8*F8 -> 11.52 | J8: =IF(AND(LEFT(A8,1)<>"C",D8>0,F8>0),1,0) -> 1 | K8: =IF(AND(H8="United Kingdom",G8<>"",COUNTIFS($G$2:G8,G8,$H$2:H8,"United Kingdom")=1),1,0) -> 0
A9: 536367 | B9: 10023 | C9: MIRROR | D9: 6 | E9: 40514.436 | F9: 2.21 | H9: United Kingdom | I9: =D9*F9 -> 13.26 | J9: =IF(AND(LEFT(A9,1)<>"C",D9>0,F9>0),1,0) -> 1 | K9: =IF(AND(H9="United Kingdom",G9<>"",COUNTIFS($G$2:G9,G9,$H$2:H9,"United Kingdom")=1),1,0) -> 0
A10: 536367 | B10: 10010 | C10: BIRD HOUSE | D10: 24 | E10: 40514.436 | F10: 4.55 | H10: United Kingdom | I10: =D10*F10 -> 109.2 | J10: =IF(AND(LEFT(A10,1)<>"C",D10>0,F10>0),1,0) -> 1 | K10: =IF(AND(H10="United Kingdom",G10<>"",COUNTIFS($G$2:G10,G10,$H$2:H10,"United Kingdom")=1),1,0) -> 0
A11: 536367 | B11: 10022 | C11: PICNIC BASKET | D11: 1 | E11: 40514.436 | F11: 5.79 | H11: United Kingdom | I11: =D11*F11 -> 5.79 | J11: =IF(AND(LEFT(A11,1)<>"C",D11>0,F11>0),1,0) -> 1 | K11: =IF(AND(H11="United Kingdom",G11<>"",COUNTIFS($G$2:G11,G11,$H$2:H11,"United Kingdom")=1),1,0) -> 0
A12: 536367 | B12: 10027 | C12: CAKE STAND | D12: 8 | E12: 40514.436 | F12: 3.18 | H12: United Kingdom | I12: =D12*F12 -> 25.44 | J12: =IF(AND(LEFT(A12,1)<>"C",D12>0,F12>0),1,0) -> 1 | K12: =IF(AND(H12="United Kingdom",G12<>"",COUNTIFS($G$2:G12,G12,$H$2:H12,"United Kingdom")=1),1,0) -> 0
A13: 536370 | B13: 10001 | C13: CERAMIC MUG | D13: 4 | E13: 40515.537 | F13: 1.19 | G13: 16661 | H13: United Kingdom | I13: =D13*F13 -> 4.76 | J13: =IF(AND(LEFT(A13,1)<>"C",D13>0,F13>0),1,0) -> 1 | K13: =IF(AND(H13="United Kingdom",G13<>"",COUNTIFS($G$2:G13,G13,$H$2:H13,"United Kingdom")=1),1,0) -> 1
A14: 536370 | B14: 10019 | C14: ADVENT CALENDAR | D14: 2 | E14: 40515.537 | F14: 2.38 | G14: 16661 | H14: United Kingdom | I14: =D14*F14 -> 4.76 | J14: =IF(AND(LEFT(A14,1)<>"C",D14>0,F14>0),1,0) -> 1 | K14: =IF(AND(H14="United Kingdom",G14<>"",COUNTIFS($G$2:G14,G14,$H$2:H14,"United Kingdom")=1),1,0) -> 0
A15: 536368 | B15: 10025 | C15: TRAY | D15: 8 | E15: 40515.635 | F15: 1.92 | G15: 13924 | H15: United Kingdom | I15: =D15*F15 -> 15.36 | J15: =IF(AND(LEFT(A15,1)<>"C",D15>0,F15>0),1,0) -> 1 | K15: =IF(AND(H15="United Kingdom",G15<>"",COUNTIFS($G$2:G15,G15,$H$2:H15,"United Kingdom")=1),1,0) -> 1
A16: 536368 | B16: 10024 | C16: VASE | D16: 4 | E16: 40515.635 | F16: 1.82 | G16: 13924 | H16: United Kingdom | I16: =D16*F16 -> 7.28 | J16: =IF(AND(LEFT(A16,1)<>"C",D16>0,F16>0),1,0) -> 1 | K16: =IF(AND(H16="United Kingdom",G16<>"",COUNTIFS($G$2:G16,G16,$H$2:H16,"United Kingdom")=1),1,0) -> 0
A17: 536368 | B17: 10016 | C17: NOTEBOOK | D17: 1 | E17: 40515.635 | F17: 3.18 | G17: 13924 | H17: United Kingdom | I17: =D17*F17 -> 3.18 | J17: =IF(AND(LEFT(A17,1)<>"C",D17>0,F17>0),1,0) -> 1 | K17: =IF(AND(H17="United Kingdom",G17<>"",COUNTIFS($G$2:G17,G17,$H$2:H17,"United Kingdom")=1),1,0) -> 0
A18: 536368 | B18: 10012 | C18: WALL CLOCK | D18: 3 | E18: 40515.635 | F18: 2.58 | G18: 13924 | H18: United Kingdom | I18: =D18*F18 -> 7.74 | J18: =IF(AND(LEFT(A18,1)<>"C",D18>0,F18>0),1,0) -> 1 | K18: =IF(AND(H18="United Kingdom",G18<>"",COUNTIFS($G$2:G18,G18,$H$2:H18,"United Kingdom")=1),1,0) -> 0
A19: 536368 | B19: 10028 | C19: LANTERN | D19: 1 | E19: 40515.635 | F19: 3.28 | G19: 13924 | H19: United Kingdom | I19: =D19*F19 -> 3.28 | J19: =IF(AND(LEFT(A19,1)<>"C",D19>0,F19>0),1,0) -> 1 | K19: =IF(AND(H19="United Kingdom",G19<>"",COUNTIFS($G$2:G19,G19,$H$2:H19,"United Kingdom")=1),1,0) -> 0
A20: 536368 | B20: 10015 | C20: COASTER SET | D20: 2 | E20: 40515.635 | F20: 1.35 | G20: 13924 | H20: United Kingdom | I20: =D20*F20 -> 2.7 | J20: =IF(AND(LEFT(A20,1)<>"C",D20>0,F20>0),1,0) -> 1 | K20: =IF(AND(H20="United Kingdom",G20<>"",COUNTIFS($G$2:G20,G20,$H$2:H20,"United Kingdom")=1),1,0) -> 0
A21: 536368 | B21: 10018 | C21: CHRISTMAS BAUBLE | D21: 1 | E21: 40515.635 | F21: 4.55 | G21: 13924 | H21: United Kingdom | I21: =D21*F21 -> 4.55 | J21: =IF(AND(LEFT(A21,1)<>"C",D21>0,F21>0),1,0) -> 1 | K21: =IF(AND(H21="United Kingdom",G21<>"",COUNTIFS($G$2:G21,G21,$H$2:H21,"United Kingdom")=1),1,0) -> 0
A22: 536369 | B22: 10009 | C22: PHOTO FRAME | D22: 16 | E22: 40515.803 | F22: 1.35 | G22: 14264 | H22: United Kingdom | I22: =D22*F22 -> 21.6 | J22: =IF(AND(LEFT(A22,1)<>"C",D22>0,F22>0),1,0) -> 1 | K22: =IF(AND(H22="United Kingdom",G22<>"",COUNTIFS($G$2:G22,G22,$H$2:H22,"United Kingdom")=1),1,0) -> 1
A23: 536369 | B23: 10013 | C23: DOOR SIGN | D23: 1 | E23: 40515.803 | F23: 5.41 | G23: 14264 | H23: United Kingdom | I23: =D23*F23 -> 5.41 | J23: =IF(AND(LEFT(A23,1)<>"C",D23>0,F23>0),1,0) -> 1 | K23: =IF(AND(H23="United Kingdom",G23<>"",COUNTIFS($G$2:G23,G23,$H$2:H23,"United Kingdom")=1),1,0) -> 0
A24: 536369 | B24: 10002 | C24: CANDLE HOLDER | D24: 8 | E24: 40515.803 | F24: 4.16 | G24: 14264 | H24: United Kingdom | I24: =D24*F24 -> 33.28 | J24: =IF(AND(LEFT(A24,1)<>"C",D24>0,F24>0),1,0) -> 1 | K24: =IF(AND(H24="United Kingdom",G24<>"",COUNTIFS($G$2:G24,G24,$H$2:H24,"United Kingdom")=1),1,0) -> 0
... A51: 536378 | B51: 10021 | C51: HOT WATER BOTTLE | D51: 2 | E51: 40521.422 | F51: 1.53 | G51: 13045 | H51: United Kingdom | I51: =D51*F51 -> 3.06 | J51: =IF(AND(LEFT(A51,1)<>"C",D51>0,F51>0),1,0) -> 1 | K51: =IF(AND(H51="United Kingdom",G51<>"",COUNTIFS($G$2:G51,G51,$H$2:H51,"United Kingdom")=1),1,0) -> 1
A52: 536377 | B52: 10024 | C52: VASE | D52: 4 | E52: 40521.465 | F52: 1.82 | H52: United Kingdom | I52: =D52*F52 -> 7.28 | J52: =IF(AND(LEFT(A52,1)<>"C",D52>0,F52>0),1,0) -> 1 | K52: =IF(AND(H52="United Kingdom",G52<>"",COUNTIFS($G$2:G52,G52,$H$2:H52,"United Kingdom")=1),1,0) -> 0
A53: 536377 | B53: 10018 | C53: CHRISTMAS BAUBLE | D53: 12 | E53: 40521.465 | F53: 4.55 | H53: United Kingdom | I53: =D53*F53 -> 54.6 | J53: =IF(AND(LEFT(A53,1)<>"C",D53>0,F53>0),1,0) -> 1 | K53: =IF(AND(H53="United Kingdom",G53<>"",COUNTIFS($G$2:G53,G53,$H$2:H53,"United Kingdom")=1),1,0) -> 0
A54: 536377 | B54: 10019 | C54: ADVENT CALENDAR | D54: 6 | E54: 40521.465 | F54: 2.38 | H54: United Kingdom | I54: =D54*F54 -> 14.28 | J54: =IF(AND(LEFT(A54,1)<>"C",D54>0,F54>0),1,0) -> 1 | K54: =IF(AND(H54="United Kingdom",G54<>"",COUNTIFS($G$2:G54,G54,$H$2:H54,"United Kingdom")=1),1,0) -> 0
A55: 536377 | B55: 10011 | C55: LUNCH BAG | D55: 6 | E55: 40521.465 | F55: 4.24 | H55: United Kingdom | I55: =D55*F55 -> 25.44 | J55: =IF(AND(LEFT(A55,1)<>"C",D55>0,F55>0),1,0) -> 1 | K55: =IF(AND(H55="United Kingdom",G55<>"",COUNTIFS($G$2:G55,G55,$H$2:H55,"United Kingdom")=1),1,0) -> 0
A56: 536377 | B56: 10013 | C56: DOOR SIGN | D56: 3 | E56: 40521.465 | F56: 5.41 | H56: United Kingdom | I56: =D56*F56 -> 16.23 | J56: =IF(AND(LEFT(A56,1)<>"C",D56>0,F56>0),1,0) -> 1 | K56: =IF(AND(H56="United Kingdom",G56<>"",COUNTIFS($G$2:G56,G56,$H$2:H56,"United Kingdom")=1),1,0) -> 0
A57: 536377 | B57: 10020 | C57: KEY RING | D57: 6 | E57: 40521.465 | F57: 2.16 | H57: United Kingdom | I57: =D57*F57 -> 12.96 | J57: =IF(AND(LEFT(A57,1)<>"C",D57>0,F57>0),1,0) -> 1 | K57: =IF(AND(H57="United Kingdom",G57<>"",COUNTIFS($G$2:G57,G57,$H$2:H57,"United Kingdom")=1),1,0) -> 0
A58: 536380 | B58: 10029 | C58: DOORMAT | D58: 3 | E58: 40521.642 | F58: 3.33 | G58: 17650 | H58: Germany | I58: =D58*F58 -> 9.99 | J58: =IF(AND(LEFT(A58,1)<>"C",D58>0,F58>0),1,0) -> 1 | K58: =IF(AND(H58="United Kingdom",G58<>"",COUNTIFS($G$2:G58,G58,$H$2:H58,"United Kingdom")=1),1,0) -> 0
A59: 536380 | B59: 10005 | C59: GLASS JAR | D59: 9 | E59: 40521.642 | F59: 0.99 | G59: 17650 | H59: Germany | I59: =D59*F59 -> 8.91 | J59: =IF(AND(LEFT(A59,1)<>"C",D59>0,F59>0),1,0) -> 1 | K59: =IF(AND(H59="United Kingdom",G59<>"",COUNTIFS($G$2:G59,G59,$H$2:H59,"United Kingdom")=1),1,0) -> 0
A60: 536379 | B60: 10028 | C60: LANTERN | D60: 1 | E60: 40521.756 | F60: 3.28 | G60: 14074 | H60: United Kingdom | I60: =D60*F60 -> 3.28 | J60: =IF(AND(LEFT(A60,1)<>"C",D60>0,F60>0),1,0) -> 1 | K60: =IF(AND(H60="United Kingdom",G60<>"",COUNTIFS($G$2:G60,G60,$H$2:H60,"United Kingdom")=1),1,0) -> 1
A61: 536379 | B61: 10019 | C61: ADVENT CALENDAR | D61: 2 | E61: 40521.756 | F61: 2.38 | G61: 14074 | H61: United Kingdom | I61: =D61*F61 -> 4.76 | J61: =IF(AND(LEFT(A61,1)<>"C",D61>0,F61>0),1,0) -> 1 | K61: =IF(AND(H61="United Kingdom",G61<>"",COUNTIFS($G$2:G61,G61,$H$2:H61,"United Kingdom")=1),1,0) -> 0
A62: 536379 | B62: 10022 | C62: PICNIC BASKET | D62: 8 | E62: 40521.756 | F62: 5.79 | G62: 14074 | H62: United Kingdom | I62: =D62*F62 -> 46.32 | J62: =IF(AND(LEFT(A62,1)<>"C",D62>0,F62>0),1,0) -> 1 | K62: =IF(AND(H62="United Kingdom",G62<>"",COUNTIFS($G$2:G62,G62,$H$2:H62,"United Kingdom")=1),1,0) -> 0
A63: 536379 | B63: 10021 | C63: HOT WATER BOTTLE | D63: 1 | E63: 40521.756 | F63: 1.53 | G63: 14074 | H63: United Kingdom | I63: =D63*F63 -> 1.53 | J63: =IF(AND(LEFT(A63,1)<>"C",D63>0,F63>0),1,0) -> 1 | K63: =IF(AND(H63="United Kingdom",G63<>"",COUNTIFS($G$2:G63,G63,$H$2:H63,"United Kingdom")=1),1,0) -> 0
A64: 536379 | B64: 10004 | C64: PAPER BUNTING | D64: 12 | E64: 40521.756 | F64: 0.63 | G64: 14074 | H64: United Kingdom | I64: =D64*F64 -> 7.56 | J64: =IF(AND(LEFT(A64,1)<>"C",D64>0,F64>0),1,0) -> 1 | K64: =IF(AND(H64="United Kingdom",G64<>"",COUNTIFS($G$2:G64,G64,$H$2:H64,"United Kingdom")=1),1,0) -> 0
A65: 536379 | B65: 10029 | C65: DOORMAT | D65: 8 | E65: 40521.756 | F65: 3.33 | G65: 14074 | H65: United Kingdom | I65: =D65*F65 -> 26.64 | J65: =IF(AND(LEFT(A65,1)<>"C",D65>0,F65>0),1,0) -> 1 | K65: =IF(AND(H65="United Kingdom",G65<>"",COUNTIFS($G$2:G65,G65,$H$2:H65,"United Kingdom")=1),1,0) -> 0
A66: 536381 | B66: 10022 | C66: PICNIC BASKET | D66: 16 | E66: 40522.423 | F66: 5.79 | G66: 17892 | H66: United Kingdom | I66: =D66*F66 -> 92.64 | J66: =IF(AND(LEFT(A66,1)<>"C",D66>0,F66>0),1,0) -> 1 | K66: =IF(AND(H66="United Kingdom",G66<>"",COUNTIFS($G$2:G66,G66,$H$2:H66,"United Kingdom")=1),1,0) -> 1
A67: 536381 | B67: 10024 | C67: VASE | D67: 8 | E67: 40522.423 | F67: 1.82 | G67: 17892 | H67: United Kingdom | I67: =D67*F67 -> 14.56 | J67: =IF(AND(LEFT(A67,1)<>"C",D67>0,F67>0),1,0) -> 1 | K67: =IF(AND(H67="United Kingdom",G67<>"",COUNTIFS($G$2:G67,G67,$H$2:H67,"United Kingdom")=1),1,0) -> 0
A68: 536381 | B68: 10006 | C68: CUSHION COVER | D68: 24 | E68: 40522.423 | F68: 2.69 | G68: 17892 | H68: United Kingdom | I68: =D68*F68 -> 64.56 | J68: =IF(AND(LEFT(A68,1)<>"C",D68>0,F68>0),1,0) -> 1 | K68: =IF(AND(H68="United Kingdom",G68<>"",COUNTIFS($G$2:G68,G68,$H$2:H68,"United Kingdom")=1),1,0) -> 0
A69: 536381 | B69: 10009 | C69: PHOTO FRAME | D69: 3 | E69: 40522.423 | F69: 1.35 | G69: 17892 | H69: United Kingdom | I69: =D69*F69 -> 4.05 | J69: =IF(AND(LEFT(A69,1)<>"C",D69>0,F69>0),1,0) -> 1 | K69: =IF(AND(H69="United Kingdom",G69<>"",COUNTIFS($G$2:G69,G69,$H$2:H69,"United Kingdom")=1),1,0) -> 0
... A155: 536406 | B155: 10005 | C155: GLASS JAR | D155: 3 | E155: 40537.37 | F155: 0.99 | G155: 14600 | H155: France | I155: =D155*F155 -> 2.97 | J155: =IF(AND(LEFT(A155,1)<>"C",D155>0,F155>0),1,0) -> 1 | K155: =IF(AND(H155="United Kingdom",G155<>"",COUNTIFS($G$2:G155,G155,$H$2:H155,"United Kingdom")=1),1,0) -> 0
A156: 536407 | B156: 10000 | C156: GIFT BOX SET | D156: 2 | E156: 40537.777 | F156: 3.04 | H156: United Kingdom | I156: =D156*F156 -> 6.08 | J156: =IF(AND(LEFT(A156,1)<>"C",D156>0,F156>0),1,0) -> 1 | K156: =IF(AND(H156="United Kingdom",G156<>"",COUNTIFS($G$2:G156,G156,$H$2:H156,"United Kingdom")=1),1,0) -> 0
A157: 536407 | B157: 10012 | C157: WALL CLOCK | D157: 3 | E157: 40537.777 | F157: 2.58 | H157: United Kingdom | I157: =D157*F157 -> 7.74 | J157: =IF(AND(LEFT(A157,1)<>"C",D157>0,F157>0),1,0) -> 1 | K157: =IF(AND(H157="United Kingdom",G157<>"",COUNTIFS($G$2:G157,G157,$H$2:H157,"United Kingdom")=1),1,0) -> 0
A158: 536407 | B158: 10017 | C158: WRAPPING PAPER | D158: 16 | E158: 40537.777 | F158: 1.26 | H158: United Kingdom | I158: =D158*F158 -> 20.16 | J158: =IF(AND(LEFT(A158,1)<>"C",D158>0,F158>0),1,0) -> 1 | K158: =IF(AND(H158="United Kingdom",G158<>"",COUNTIFS($G$2:G158,G158,$H$2:H158,"United Kingdom")=1),1,0) -> 0
A159: 536407 | B159: 10029 | C159: DOORMAT | D159: 4 | E159: 40537.777 | F159: 3.33 | H159: United Kingdom | I159: =D159*F159 -> 13.32 | J159: =IF(AND(LEFT(A159,1)<>"C",D159>0,F159>0),1,0) -> 1 | K159: =IF(AND(H159="United Kingdom",G159<>"",COUNTIFS($G$2:G159,G159,$H$2:H159,"United Kingdom")=1),1,0) -> 0
A160: 536407 | B160: 10015 | C160: COASTER SET | D160: 2 | E160: 40537.777 | F160: 1.35 | H160: United Kingdom | I160: =D160*F160 -> 2.7 | J160: =IF(AND(LEFT(A160,1)<>"C",D160>0,F160>0),1,0) -> 1 | K160: =IF(AND(H160="United Kingdom",G160<>"",COUNTIFS($G$2:G160,G160,$H$2:H160,"United Kingdom")=1),1,0) -> 0
A161: 536407 | B161: 10028 | C161: LANTERN | D161: 12 | E161: 40537.777 | F161: 3.28 | H161: United Kingdom | I161: =D161*F161 -> 39.36 | J161: =IF(AND(LEFT(A161,1)<>"C",D161>0,F161>0),1,0) -> 1 | K161: =IF(AND(H161="United Kingdom",G161<>"",COUNTIFS($G$2:G161,G161,$H$2:H161,"United Kingdom")=1),1,0) -> 0
A162: 536407 | B162: 10009 | C162: PHOTO FRAME | D162: 12 | E162: 40537.777 | F162: 1.35 | H162: United Kingdom | I162: =D162*F162 -> 16.2 | J162: =IF(AND(LEFT(A162,1)<>"C",D162>0,F162>0),1,0) -> 1 | K162: =IF(AND(H162="United Kingdom",G162<>"",COUNTIFS($G$2:G162,G162,$H$2:H162,"United Kingdom")=1),1,0) -> 0
A163: 536407 | B163: 10024 | C163: VASE | D163: 24 | E163: 40537.777 | F163: 1.82 | H163: United Kingdom | I163: =D163*F163 -> 43.68 | J163: =IF(AND(LEFT(A163,1)<>"C",D163>0,F163>0),1,0) -> 1 | K163: =IF(AND(H163="United Kingdom",G163<>"",COUNTIFS($G$2:G163,G163,$H$2:H163,"United Kingdom")=1),1,0) -> 0
A164: 536407 | B164: 10021 | C164: HOT WATER BOTTLE | D164: 4 | E164: 40537.777 | F164: 1.53 | H164: United Kingdom | I164: =D164*F164 -> 6.12 | J164: =IF(AND(LEFT(A164,1)<>"C",D164>0,F164>0),1,0) -> 1 | K164: =IF(AND(H164="United Kingdom",G164<>"",COUNTIFS($G$2:G164,G164,$H$2:H164,"United Kingdom")=1),1,0) -> 0
A165: 536407 | B165: 10006 | C165: CUSHION COVER | D165: 8 | E165: 40537.777 | F165: 2.69 | H165: United Kingdom | I165: =D165*F165 -> 21.52 | J165: =IF(AND(LEFT(A165,1)<>"C",D165>0,F165>0),1,0) -> 1 | K165: =IF(AND(H165="United Kingdom",G165<>"",COUNTIFS($G$2:G165,G165,$H$2:H165,"United Kingdom")=1),1,0) -> 0
A166: 536407 | B166: 10025 | C166: TRAY | D166: 4 | E166: 40537.777 | F166: 1.92 | H166: United Kingdom | I166: =D166*F166 -> 7.68 | J166: =IF(AND(LEFT(A166,1)<>"C",D166>0,F166>0),1,0) -> 1 | K166: =IF(AND(H166="United Kingdom",G166<>"",COUNTIFS($G$2:G166,G166,$H$2:H166,"United Kingdom")=1),1,0) -> 0
A167: 536407 | B167: 10020 | C167: KEY RING | D167: 4 | E167: 40537.777 | F167: 2.16 | H167: United Kingdom | I167: =D167*F167 -> 8.64 | J167: =IF(AND(LEFT(A167,1)<>"C",D167>0,F167>0),1,0) -> 1 | K167: =IF(AND(H167="United Kingdom",G167<>"",COUNTIFS($G$2:G167,G167,$H$2:H167,"United Kingdom")=1),1,0) -> 0
... A176: 536408 | B176: 10025 | C176: TRAY | D176: 1 | E176: 40538.335 | F176: 1.92 | H176: United Kingdom | I176: =D176*F176 -> 1.92 | J176: =IF(AND(LEFT(A176,1)<>"C",D176>0,F176>0),1,0) -> 1 | K176: =IF(AND(H176="United Kingdom",G176<>"",COUNTIFS($G$2:G176,G176,$H$2:H176,"United Kingdom")=1),1,0) -> 0
A177: 536410 | B177: 10020 | C177: KEY RING | D177: 18 | E177: 40538.497 | F177: 2.16 | G177: 14248 | H177: Netherlands | I177: =D177*F177 -> 38.88 | J177: =IF(AND(LEFT(A177,1)<>"C",D177>0,F177>0),1,0) -> 1 | K177: =IF(AND(H177="United Kingdom",G177<>"",COUNTIFS($G$2:G177,G177,$H$2:H177,"United Kingdom")=1),1,0) -> 0
A178: 536410 | B178: 10009 | C178: PHOTO FRAME | D178: 72 | E178: 40538.497 | F178: 1.35 | G178: 14248 | H178: Netherlands | I178: =D178*F178 -> 97.2 | J178: =IF(AND(LEFT(A178,1)<>"C",D178>0,F178>0),1,0) -> 1 | K178: =IF(AND(H178="United Kingdom",G178<>"",COUNTIFS($G$2:G178,G178,$H$2:H178,"United Kingdom")=1),1,0) -> 0
A179: 536410 | B179: 10025 | C179: TRAY | D179: 108 | E179: 40538.497 | F179: 1.92 | G179: 14248 | H179: Netherlands | I179: =D179*F179 -> 207.36 | J179: =IF(AND(LEFT(A179,1)<>"C",D179>0,F179>0),1,0) -> 1 | K179: =IF(AND(H179="United Kingdom",G179<>"",COUNTIFS($G$2:G179,G179,$H$2:H179,"United Kingdom")=1),1,0) -> 0
A180: 536409 | B180: 10021 | C180: HOT WATER BOTTLE | D180: 8 | E180: 40538.722 | F180: 1.53 | G180: 14001 | H180: United Kingdom | I180: =D180*F180 -> 12.24 | J180: =IF(AND(LEFT(A180,1)<>"C",D180>0,F180>0),1,0) -> 1 | K180: =IF(AND(H180="United Kingdom",G180<>"",COUNTIFS($G$2:G180,G180,$H$2:H180,"United Kingdom")=1),1,0) -> 1
A181: 536412 | B181: 10012 | C181: WALL CLOCK | D181: 3 | E181: 40539.474 | F181: 2.58 | H181: United Kingdom | I181: =D181*F181 -> 7.74 | J181: =IF(AND(LEFT(A181,1)<>"C",D181>0,F181>0),1,0) -> 1 | K181: =IF(AND(H181="United Kingdom",G181<>"",COUNTIFS($G$2:G181,G181,$H$2:H181,"United Kingdom")=1),1,0) -> 0
A182: 536412 | B182: 10029 | C182: DOORMAT | D182: 8 | E182: 40539.474 | F182: 3.33 | H182: United Kingdom | I182: =D182*F182 -> 26.64 | J182: =IF(AND(LEFT(A182,1)<>"C",D182>0,F182>0),1,0) -> 1 | K182: =IF(AND(H182="United Kingdom",G182<>"",COUNTIFS($G$2:G182,G182,$H$2:H182,"United Kingdom")=1),1,0) -> 0
A183: 536412 | B183: 10027 | C183: CAKE STAND | D183: 6 | E183: 40539.474 | F183: 3.18 | H183: United Kingdom | I183: =D183*F183 -> 19.08 | J183: =IF(AND(LEFT(A183,1)<>"C",D183>0,F183>0),1,0) -> 1 | K183: =IF(AND(H183="United Kingdom",G183<>"",COUNTIFS($G$2:G183,G183,$H$2:H183,"United Kingdom")=1),1,0) -> 0
A184: 536412 | B184: 10013 | C184: DOOR SIGN | D184: 1 | E184: 40539.474 | F184: 5.41 | H184: United Kingdom | I184: =D184*F184 -> 5.41 | J184: =IF(AND(LEFT(A184,1)<>"C",D184>0,F184>0),1,0) -> 1 | K184: =IF(AND(H184="United Kingdom",G184<>"",COUNTIFS($G$2:G184,G184,$H$2:H184,"United Kingdom")=1),1,0) -> 0
A185: 536412 | B185: 10028 | C185: LANTERN | D185: 1 | E185: 40539.474 | F185: 3.28 | H185: United Kingdom | I185: =D185*F185 -> 3.28 | J185: =IF(AND(LEFT(A185,1)<>"C",D185>0,F185>0),1,0) -> 1 | K185: =IF(AND(H185="United Kingdom",G185<>"",COUNTIFS($G$2:G185,G185,$H$2:H185,"United Kingdom")=1),1,0) -> 0
A186: 536412 | B186: 10018 | C186: CHRISTMAS BAUBLE | D186: 2 | E186: 40539.474 | F186: 4.55 | H186: United Kingdom | I186: =D186*F186 -> 9.1 | J186: =IF(AND(LEFT(A186,1)<>"C",D186>0,F186>0),1,0) -> 1 | K186: =IF(AND(H186="United Kingdom",G186<>"",COUNTIFS($G$2:G186,G186,$H$2:H186,"United Kingdom")=1),1,0) -> 0
A187: 536413 | B187: 10017 | C187: WRAPPING PAPER | D187: 2 | E187: 40539.578 | F187: 1.26 | G187: 13246 | H187: United Kingdom | I187: =D187*F187 -> 2.52 | J187: =IF(AND(LEFT(A187,1)<>"C",D187>0,F187>0),1,0) -> 1 | K187: =IF(AND(H187="United Kingdom",G187<>"",COUNTIFS($G$2:G187,G187,$H$2:H187,"United Kingdom")=1),1,0) -> 1
A188: 536413 | B188: 10012 | C188: WALL CLOCK | D188: 3 | E188: 40539.578 | F188: 2.58 | G188: 13246 | H188: United Kingdom | I188: =D188*F188 -> 7.74 | J188: =IF(AND(LEFT(A188,1)<>"C",D188>0,F188>0),1,0) -> 1 | K188: =IF(AND(H188="United Kingdom",G188<>"",COUNTIFS($G$2:G188,G188,$H$2:H188,"United Kingdom")=1),1,0) -> 0
A189: 536413 | B189: 10018 | C189: CHRISTMAS BAUBLE | D189: 4 | E189: 40539.578 | F189: 4.55 | G189: 13246 | H189: United Kingdom | I189: =D189*F189 -> 18.2 | J189: =IF(AND(LEFT(A189,1)<>"C",D189>0,F189>0),1,0) -> 1 | K189: =IF(AND(H189="United Kingdom",G189<>"",COUNTIFS($G$2:G189,G189,$H$2:H189,"United Kingdom")=1),1,0) -> 0
A190: 536413 | B190: 10003 | C190: WOODEN TOY TRAIN | D190: 2 | E190: 40539.578 | F190: 4.75 | G190: 13246 | H190: United Kingdom | I190: =D190*F190 -> 9.5 | J190: =IF(AND(LEFT(A190,1)<>"C",D190>0,F190>0),1,0) -> 1 | K190: =IF(AND(H190="United Kingdom",G190<>"",COUNTIFS($G$2:G190,G190,$H$2:H190,"United Kingdom")=1),1,0) -> 0
A191: 536413 | B191: 10007 | C191: TEA TOWEL | D191: 12 | E191: 40539.578 | F191: 1.97 | G191: 13246 | H191: United Kingdom | I191: =D191*F191 -> 23.64 | J191: =IF(AND(LEFT(A191,1)<>"C",D191>0,F191>0),1,0) -> 1 | K191: =IF(AND(H191="United Kingdom",G191<>"",COUNTIFS($G$2:G191,G191,$H$2:H191,"United Kingdom")=1),1,0) -> 0
A192: 536413 | B192: 10011 | C192: LUNCH BAG | D192: 12 | E192: 40539.578 | F192: 4.24 | G192: 13246 | H192: United Kingdom | I192: =D192*F192 -> 50.88 | J192: =IF(AND(LEFT(A192,1)<>"C",D192>0,F192>0),1,0) -> 1 | K192: =IF(AND(H192="United Kingdom",G192<>"",COUNTIFS($G$2:G192,G192,$H$2:H192,"United Kingdom")=1),1,0) -> 0
A193: 536413 | B193: 10015 | C193: COASTER SET | D193: 12 | E193: 40539.578 | F193: 1.35 | G193: 13246 | H193: United Kingdom | I193: =D193*F193 -> 16.2 | J193: =IF(AND(LEFT(A193,1)<>"C",D193>0,F193>0),1,0) -> 1 | K193: =IF(AND(H193="United Kingdom",G193<>"",COUNTIFS($G$2:G193,G193,$H$2:H193,"United Kingdom")=1),1,0) -> 0
A194: 536413 | B194: 10010 | C194: BIRD HOUSE | D194: 1 | E194: 40539.578 | F194: 4.55 | G194: 13246 | H194: United Kingdom | I194: =D194*F194 -> 4.55 | J194: =IF(AND(LEFT(A194,1)<>"C",D194>0,F194>0),1,0) -> 1 | K194: =IF(AND(H194="United Kingdom",G194<>"",COUNTIFS($G$2:G194,G194,$H$2:H194,"United Kingdom")=1),1,0) -> 0
A195: 536411 | B195: 10000 | C195: GIFT BOX SET | D195: 3 | E195: 40539.592 | F195: 3.04 | H195: United Kingdom | I195: =D195*F195 -> 9.12 | J195: =IF(AND(LEFT(A195,1)<>"C",D195>0,F195>0),1,0) -> 1 | K195: =IF(AND(H195="United Kingdom",G195<>"",COUNTIFS($G$2:G195,G195,$H$2:H195,"United Kingdom")=1),1,0) -> 0
A196: 536411 | B196: 10026 | C196: APRON | D196: 12 | E196: 40539.592 | F196: 3.57 | H196: United Kingdom | I196: =D196*F196 -> 42.84 | J196: =IF(AND(LEFT(A196,1)<>"C",D196>0,F196>0),1,0) -> 1 | K196: =IF(AND(H196="United Kingdom",G196<>"",COUNTIFS($G$2:G196,G196,$H$2:H196,"United Kingdom")=1),1,0) -> 0
A197: 536411 | B197: 10010 | C197: BIRD HOUSE | D197: 1 | E197: 40539.592 | F197: 4.55 | H197: United Kingdom | I197: =D197*F197 -> 4.55 | J197: =IF(AND(LEFT(A197,1)<>"C",D197>0,F197>0),1,0) -> 1 | K197: =IF(AND(H197="United Kingdom",G197<>"",COUNTIFS($G$2:G197,G197,$H$2:H197,"United Kingdom")=1),1,0) -> 0
A198: 536411 | B198: 10012 | C198: WALL CLOCK | D198: 6 | E198: 40539.592 | F198: 2.58 | H198: United Kingdom | I198: =D198*F198 -> 15.48 | J198: =IF(AND(LEFT(A198,1)<>"C",D198>0,F198>0),1,0) -> 1 | K198: =IF(AND(H198="United Kingdom",G198<>"",COUNTIFS($G$2:G198,G198,$H$2:H198,"United Kingdom")=1),1,0) -> 0
A199: 536411 | B199: 10015 | C199: COASTER SET | D199: 6 | E199: 40539.592 | F199: 1.35 | H199: United Kingdom | I199: =D199*F199 -> 8.1 | J199: =IF(AND(LEFT(A199,1)<>"C",D199>0,F199>0),1,0) -> 1 | K199: =IF(AND(H199="United Kingdom",G199<>"",COUNTIFS($G$2:G199,G199,$H$2:H199,"United Kingdom")=1),1,0) -> 0
A200: 536411 | B200: 10011 | C200: LUNCH BAG | D200: 24 | E200: 40539.592 | F200: 4.24 | H200: United Kingdom | I200: =D200*F200 -> 101.76 | J200: =IF(AND(LEFT(A200,1)<>"C",D200>0,F200>0),1,0) -> 1 | K200: =IF(AND(H200="United Kingdom",G200<>"",COUNTIFS($G$2:G200,G200,$H$2:H200,"United Kingdom")=1),1,0) -> 0
A201: 536411 | B201: 10006 | C201: CUSHION COVER | D201: 1 | E201: 40539.592 | F201: 2.69 | H201: United Kingdom | I201: =D201*F201 -> 2.69 | J201: =IF(AND(LEFT(A201,1)<>"C",D201>0,F201>0),1,0) -> 1 | K201: =IF(AND(H201="United Kingdom",G201<>"",COUNTIFS($G$2:G201,G201,$H$2:H201,"United Kingdom")=1),1,0) -> 0
A202: 536411 | B202: 10022 | C202: PICNIC BASKET | D202: 3 | E202: 40539.592 | F202: 5.79 | H202: United Kingdom | I202: =D202*F202 -> 17.37 | J202: =IF(AND(LEFT(A202,1)<>"C",D202>0,F202>0),1,0) -> 1 | K202: =IF(AND(H202="United Kingdom",G202<>"",COUNTIFS($G$2:G202,G202,$H$2:H202,"United Kingdom")=1),1,0) -> 0
A203: 536411 | B203: 10005 | C203: GLASS JAR | D203: 4 | E203: 40539.592 | F203: 0.99 | H203: United Kingdom | I203: =D203*F203 -> 3.96 | J203: =IF(AND(LEFT(A203,1)<>"C",D203>0,F203>0),1,0) -> 1 | K203: =IF(AND(H203="United Kingdom",G203<>"",COUNTIFS($G$2:G203,G203,$H$2:H203,"United Kingdom")=1),1,0) -> 0
A204: 536411 | B204: 10009 | C204: PHOTO FRAME | D204: 1 | E204: 40539.592 | F204: 1.35 | H204: United Kingdom | I204: =D204*F204 -> 1.35 | J204: =IF(AND(LEFT(A204,1)<>"C",D204>0,F204>0),1,0) -> 1 | K204: =IF(AND(H204="United Kingdom",G204<>"",COUNTIFS($G$2:G204,G204,$H$2:H204,"United Kingdom")=1),1,0) -> 0
A205: 536411 | B205: 10008 | C205: STORAGE TIN | D205: 8 | E205: 40539.592 | F205: 2.43 | H205: United Kingdom | I205: =D205*F205 -> 19.44 | J205: =IF(AND(LEFT(A205,1)<>"C",D205>0,F205>0),1,0) -> 1 | K205: =IF(AND(H205="United Kingdom",G205<>"",COUNTIFS($G$2:G205,G205,$H$2:H205,"United Kingdom")=1),1,0) -> 0
A206: 536411 | B206: 10002 | C206: CANDLE HOLDER | D206: 6 | E206: 40539.592 | F206: 4.16 | H206: United Kingdom | I206: =D206*F206 -> 24.96 | J206: =IF(AND(LEFT(A206,1)<>"C",D206>0,F206>0),1,0) -> 1 | K206: =IF(AND(H206="United Kingdom",G206<>"",COUNTIFS($G$2:G206,G206,$H$2:H206,"United Kingdom")=1),1,0) -> 0
... A208: 536411 | B208: 10027 | C208: CAKE STAND | D208: 2 | E208: 40539.592 | F208: 3.18 | H208: United Kingdom | I208: =D208*F208 -> 6.36 | J208: =IF(AND(LEFT(A208,1)<>"C",D208>0,F208>0),1,0) -> 1 | K208: =IF(AND(H208="United Kingdom",G208<>"",COUNTIFS($G$2:G208,G208,$H$2:H208,"United Kingdom")=1),1,0) -> 0
A209: 536414 | B209: 10016 | C209: NOTEBOOK | D209: 2 | E209: 40540.559 | F209: 3.18 | G209: 16499 | H209: United Kingdom | I209: =D209*F209 -> 6.36 | J209: =IF(AND(LEFT(A209,1)<>"C",D209>0,F209>0),1,0) -> 1 | K209: =IF(AND(H209="United Kingdom",G209<>"",COUNTIFS($G$2:G209,G209,$H$2:H209,"United Kingdom")=1),1,0) -> 1
A210: 536414 | B210: 10029 | C210: DOORMAT | D210: 1 | E210: 40540.559 | F210: 3.33 | G210: 16499 | H210: United Kingdom | I210: =D210*F210 -> 3.33 | J210: =IF(AND(LEFT(A210,1)<>"C",D210>0,F210>0),1,0) -> 1 | K210: =IF(AND(H210="United Kingdom",G210<>"",COUNTIFS($G$2:G210,G210,$H$2:H210,"United Kingdom")=1),1,0) -> 0
A211: 536414 | B211: 10007 | C211: TEA TOWEL | D211: 1 | E211: 40540.559 | F211: 1.97 | G211: 16499 | H211: United Kingdom | I211: =D211*F211 -> 1.97 | J211: =IF(AND(LEFT(A211,1)<>"C",D211>0,F211>0),1,0) -> 1 | K211: =IF(AND(H211="United Kingdom",G211<>"",COUNTIFS($G$2:G211,G211,$H$2:H211,"United Kingdom")=1),1,0) -> 0
A212: 536414 | B212: 10004 | C212: PAPER BUNTING | D212: 2 | E212: 40540.559 | F212: 0.63 | G212: 16499 | H212: United Kingdom | I212: =D212*F212 -> 1.26 | J212: =IF(AND(LEFT(A212,1)<>"C",D212>0,F212>0),1,0) -> 1 | K212: =IF(AND(H212="United Kingdom",G212<>"",COUNTIFS($G$2:G212,G212,$H$2:H212,"United Kingdom")=1),1,0) -> 0
A213: 536415 | B213: 10002 | C213: CANDLE HOLDER | D213: 24 | E213: 40541.598 | F213: 4.16 | H213: United Kingdom | I213: =D213*F213 -> 99.84 | J213: =IF(AND(LEFT(A213,1)<>"C",D213>0,F213>0),1,0) -> 1 | K213: =IF(AND(H213="United Kingdom",G213<>"",COUNTIFS($G$2:G213,G213,$H$2:H213,"United Kingdom")=1),1,0) -> 0
A214: 536416 | B214: 10025 | C214: TRAY | D214: 4 | E214: 40542.53 | F214: 1.92 | G214: 14264 | H214: United Kingdom | I214: =D214*F214 -> 7.68 | J214: =IF(AND(LEFT(A214,1)<>"C",D214>0,F214>0),1,0) -> 1 | K214: =IF(AND(H214="United Kingdom",G214<>"",COUNTIFS($G$2:G214,G214,$H$2:H214,"United Kingdom")=1),1,0) -> 0
A215: 536416 | B215: 10019 | C215: ADVENT CALENDAR | D215: 2 | E215: 40542.53 | F215: 2.38 | G215: 14264 | H215: United Kingdom | I215: =D215*F215 -> 4.76 | J215: =IF(AND(LEFT(A215,1)<>"C",D215>0,F215>0),1,0) -> 1 | K215: =IF(AND(H215="United Kingdom",G215<>"",COUNTIFS($G$2:G215,G215,$H$2:H215,"United Kingdom")=1),1,0) -> 0
A216: 536416 | B216: 10005 | C216: GLASS JAR | D216: 6 | E216: 40542.53 | F216: 0.99 | G216: 14264 | H216: United Kingdom | I216: =D216*F216 -> 5.94 | J216: =IF(AND(LEFT(A216,1)<>"C",D216>0,F216>0),1,0) -> 1 | K216: =IF(AND(H216="United Kingdom",G216<>"",COUNTIFS($G$2:G216,G216,$H$2:H216,"United Kingdom")=1),1,0) -> 0
A217: 536416 | B217: 10027 | C217: CAKE STAND | D217: 4 | E217: 40542.53 | F217: 3.18 | G217: 14264 | H217: United Kingdom | I217: =D217*F217 -> 12.72 | J217: =IF(AND(LEFT(A217,1)<>"C",D217>0,F217>0),1,0) -> 1 | K217: =IF(AND(H217="United Kingdom",G217<>"",COUNTIFS($G$2:G217,G217,$H$2:H217,"United Kingdom")=1),1,0) -> 0
A218: 536416 | B218: 10013 | C218: DOOR SIGN | D218: 12 | E218: 40542.53 | F218: 5.41 | G218: 14264 | H218: United Kingdom | I218: =D218*F218 -> 64.92 | J218: =IF(AND(LEFT(A218,1)<>"C",D218>0,F218>0),1,0) -> 1 | K218: =IF(AND(H218="United Kingdom",G218<>"",COUNTIFS($G$2:G218,G218,$H$2:H218,"United Kingdom")=1),1,0) -> 0
A219: 536416 | B219: 10022 | C219: PICNIC BASKET | D219: 8 | E219: 40542.53 | F219: 5.79 | G219: 14264 | H219: United Kingdom | I219: =D219*F219 -> 46.32 | J219: =IF(AND(LEFT(A219,1)<>"C",D219>0,F219>0),1,0) -> 1 | K219: =IF(AND(H219="United Kingdom",G219<>"",COUNTIFS($G$2:G219,G219,$H$2:H219,"United Kingdom")=1),1,0) -> 0
A220: 536417 | B220: 10012 | C220: WALL CLOCK | D220: 8 | E220: 40544.601 | F220: 2.58 | G220: 16902 | H220: United Kingdom | I220: =D220*F220 -> 20.64 | J220: =IF(AND(LEFT(A220,1)<>"C",D220>0,F220>0),1,0) -> 1 | K220: =IF(AND(H220="United Kingdom",G220<>"",COUNTIFS($G$2:G220,G220,$H$2:H220,"United Kingdom")=1),1,0) -> 0
...

Sheet Task1_UK_Filter
A1: Task 1: United Kingdom transactions and unique customers
A2: On the Data sheet use the Country filter arrow and tick only United Kingdom (Data > Filter).
A4: Total transaction rows in data | B4: =COUNTA(Data!$A$2:$A$3990) -> 3989
A5: UK transaction rows | B5: =COUNTIF(Data!$H$2:$H$3990,"United Kingdom") -> 3194
A6: Rows currently visible after filtering (SUBTOTAL) | B6: =SUBTOTAL(103,Data!$A$2:$A$3990) -> 3989
A7: UK rows with a missing CustomerID | B7: =COUNTIFS(Data!$H$2:$H$3990,"United Kingdom",Data!$G$2:$G$3990,"") -> 249
A8: Unique CustomerIDs who purchased from the UK | B8: =SUM(Data!$K$2:$K$3990) -> 145
A10: How the unique count works: column K on the Data sheet marks the first row of each UK CustomerID with 1, so the sum is the number of distinct customers. (Blank CustomerIDs are not counted.)

Sheet Task2_Sales_by_Country
A1: Task 2: Total sales (Quantity x UnitPrice) by country
A2: This table is the formula version of a PivotTable (Rows = Country, Values = Sum of LineTotal). Valid sales only (no cancellations).
A4: Country | B4: Total sales | C4: Rank | D4: Share of sales
A5: United Kingdom | B5: =SUMIFS(Data!$I$2:$I$3990,Data!$H$2:$H$3990,A5,Data!$J$2:$J$3990,1) -> 207505.63 | C5: =RANK(B5,$B$5:$B$13) -> 1 | D5: =B5/SUM($B$5:$B$13) -> 0.66105623
A6: Germany | B6: =SUMIFS(Data!$I$2:$I$3990,Data!$H$2:$H$3990,A6,Data!$J$2:$J$3990,1) -> 47103.16 | C6: =RANK(B6,$B$5:$B$13) -> 2 | D6: =B6/SUM($B$5:$B$13) -> 0.1500578
A7: EIRE | B7: =SUMIFS(Data!$I$2:$I$3990,Data!$H$2:$H$3990,A7,Data!$J$2:$J$3990,1) -> 18306.74 | C7: =RANK(B7,$B$5:$B$13) -> 3 | D7: =B7/SUM($B$5:$B$13) -> 0.058320271
A8: Australia | B8: =SUMIFS(Data!$I$2:$I$3990,Data!$H$2:$H$3990,A8,Data!$J$2:$J$3990,1) -> 15825.9 | C8: =RANK(B8,$B$5:$B$13) -> 4 | D8: =B8/SUM($B$5:$B$13) -> 0.050416993
A9: Netherlands | B9: =SUMIFS(Data!$I$2:$I$3990,Data!$H$2:$H$3990,A9,Data!$J$2:$J$3990,1) -> 8421.42 | C9: =RANK(B9,$B$5:$B$13) -> 5 | D9: =B9/SUM($B$5:$B$13) -> 0.026828343
A10: France | B10: =SUMIFS(Data!$I$2:$I$3990,Data!$H$2:$H$3990,A10,Data!$J$2:$J$3990,1) -> 5988.97 | C10: =RANK(B10,$B$5:$B$13) -> 6 | D10: =B10/SUM($B$5:$B$13) -> 0.019079222
A11: Switzerland | B11: =SUMIFS(Data!$I$2:$I$3990,Data!$H$2:$H$3990,A11,Data!$J$2:$J$3990,1) -> 5773.04 | C11: =RANK(B11,$B$5:$B$13) -> 7 | D11: =B11/SUM($B$5:$B$13) -> 0.018391328
A12: Belgium | B12: =SUMIFS(Data!$I$2:$I$3990,Data!$H$2:$H$3990,A12,Data!$J$2:$J$3990,1) -> 4804 | C12: =RANK(B12,$B$5:$B$13) -> 8 | D12: =B12/SUM($B$5:$B$13) -> 0.015304231
A13: Spain | B13: =SUMIFS(Data!$I$2:$I$3990,Data!$H$2:$H$3990,A13,Data!$J$2:$J$3990,1) -> 171.26 | C13: =RANK(B13,$B$5:$B$13) -> 9 | D13: =B13/SUM($B$5:$B$13) -> 0.00054558756
A14: Total | B14: =SUM(B5:B13) -> 313900.12
A17: Top 3 countries by total sales
A18: 1st | B18: =INDEX($A$5:$A$13,MATCH(1,$C$5:$C$13,0)) -> United Kingdom
A19: 2nd | B19: =INDEX($A$5:$A$13,MATCH(2,$C$5:$C$13,0)) -> Germany
A20: 3rd | B20: =INDEX($A$5:$A$13,MATCH(3,$C$5:$C$13,0)) -> EIRE

Sheet Task3_Order_Value
A1: Task 3: Order value per InvoiceNo (highlight above 10,000)
A3: InvoiceNo | B3: Country | C3: Order value | D3: Flag | F3: Summary
A4: 536365 | B4: =INDEX(Data!$H$2:$H$3990,MATCH(A4,Data!$A$2:$A$3990,0)) -> United Kingdom | C4: =SUMIFS(Data!$I$2:$I$3990,Data!$A$2:$A$3990,A4,Data!$J$2:$J$3990,1) -> 92.08 | D4: =IF(C4>10000,"HIGH VALUE","") | F4: Number of invoices | G4: =COUNTA(A4:A723) -> 720
A5: 536366 | B5: =INDEX(Data!$H$2:$H$3990,MATCH(A5,Data!$A$2:$A$3990,0)) -> United Kingdom | C5: =SUMIFS(Data!$I$2:$I$3990,Data!$A$2:$A$3990,A5,Data!$J$2:$J$3990,1) -> 35.04 | D5: =IF(C5>10000,"HIGH VALUE","") | F5: Average order value | G5: =AVERAGE(C4:C723) -> 435.97239
A6: 536367 | B6: =INDEX(Data!$H$2:$H$3990,MATCH(A6,Data!$A$2:$A$3990,0)) -> United Kingdom | C6: =SUMIFS(Data!$I$2:$I$3990,Data!$A$2:$A$3990,A6,Data!$J$2:$J$3990,1) -> 165.21 | D6: =IF(C6>10000,"HIGH VALUE","") | F6: Median order value | G6: =MEDIAN(C4:C723) -> 79.81
A7: 536368 | B7: =INDEX(Data!$H$2:$H$3990,MATCH(A7,Data!$A$2:$A$3990,0)) -> United Kingdom | C7: =SUMIFS(Data!$I$2:$I$3990,Data!$A$2:$A$3990,A7,Data!$J$2:$J$3990,1) -> 44.09 | D7: =IF(C7>10000,"HIGH VALUE","") | F7: Largest order | G7: =MAX(C4:C723) -> 13671.14
A8: 536369 | B8: =INDEX(Data!$H$2:$H$3990,MATCH(A8,Data!$A$2:$A$3990,0)) -> United Kingdom | C8: =SUMIFS(Data!$I$2:$I$3990,Data!$A$2:$A$3990,A8,Data!$J$2:$J$3990,1) -> 63.26 | D8: =IF(C8>10000,"HIGH VALUE","") | F8: Invoices above 10,000 | G8: =COUNTIF(C4:C723,">10000") -> 3
A9: 536370 | B9: =INDEX(Data!$H$2:$H$3990,MATCH(A9,Data!$A$2:$A$3990,0)) -> United Kingdom | C9: =SUMIFS(Data!$I$2:$I$3990,Data!$A$2:$A$3990,A9,Data!$J$2:$J$3990,1) -> 9.52 | D9: =IF(C9>10000,"HIGH VALUE","") | F9: Threshold | G9: 10000
A10: 536371 | B10: =INDEX(Data!$H$2:$H$3990,MATCH(A10,Data!$A$2:$A$3990,0)) -> Germany | C10: =SUMIFS(Data!$I$2:$I$3990,Data!$A$2:$A$3990,A10,Data!$J$2:$J$3990,1) -> 178.6 | D10: =IF(C10>10000,"HIGH VALUE","")
A11: 536372 | B11: =INDEX(Data!$H$2:$H$3990,MATCH(A11,Data!$A$2:$A$3990,0)) -> Germany | C11: =SUMIFS(Data!$I$2:$I$3990,Data!$A$2:$A$3990,A11,Data!$J$2:$J$3990,1) -> 173.23 | D11: =IF(C11>10000,"HIGH VALUE","") | F11: Invoice list is static; in Excel you can build it with Remove Duplicates or =UNIQUE().
A12: 536373 | B12: =INDEX(Data!$H$2:$H$3990,MATCH(A12,Data!$A$2:$A$3990,0)) -> United Kingdom | C12: =SUMIFS(Data!$I$2:$I$3990,Data!$A$2:$A$3990,A12,Data!$J$2:$J$3990,1) -> 3.18 | D12: =IF(C12>10000,"HIGH VALUE","")
A13: 536374 | B13: =INDEX(Data!$H$2:$H$3990,MATCH(A13,Data!$A$2:$A$3990,0)) -> United Kingdom | C13: =SUMIFS(Data!$I$2:$I$3990,Data!$A$2:$A$3990,A13,Data!$J$2:$J$3990,1) -> 48 | D13: =IF(C13>10000,"HIGH VALUE","")
A14: 536375 | B14: =INDEX(Data!$H$2:$H$3990,MATCH(A14,Data!$A$2:$A$3990,0)) -> United Kingdom | C14: =SUMIFS(Data!$I$2:$I$3990,Data!$A$2:$A$3990,A14,Data!$J$2:$J$3990,1) -> 7.11 | D14: =IF(C14>10000,"HIGH VALUE","")
A15: 536376 | B15: =INDEX(Data!$H$2:$H$3990,MATCH(A15,Data!$A$2:$A$3990,0)) -> United Kingdom | C15: =SUMIFS(Data!$I$2:$I$3990,Data!$A$2:$A$3990,A15,Data!$J$2:$J$3990,1) -> 40.11 | D15: =IF(C15>10000,"HIGH VALUE","")
A16: 536377 | B16: =INDEX(Data!$H$2:$H$3990,MATCH(A16,Data!$A$2:$A$3990,0)) -> United Kingdom | C16: =SUMIFS(Data!$I$2:$I$3990,Data!$A$2:$A$3990,A16,Data!$J$2:$J$3990,1) -> 130.79 | D16: =IF(C16>10000,"HIGH VALUE","")
A17: 536378 | B17: =INDEX(Data!$H$2:$H$3990,MATCH(A17,Data!$A$2:$A$3990,0)) -> United Kingdom | C17: =SUMIFS(Data!$I$2:$I$3990,Data!$A$2:$A$3990,A17,Data!$J$2:$J$3990,1) -> 3.06 | D17: =IF(C17>10000,"HIGH VALUE","")
A18: 536379 | B18: =INDEX(Data!$H$2:$H$3990,MATCH(A18,Data!$A$2:$A$3990,0)) -> United Kingdom | C18: =SUMIFS(Data!$I$2:$I$3990,Data!$A$2:$A$3990,A18,Data!$J$2:$J$3990,1) -> 90.09 | D18: =IF(C18>10000,"HIGH VALUE","")
A19: 536380 | B19: =INDEX(Data!$H$2:$H$3990,MATCH(A19,Data!$A$2:$A$3990,0)) -> Germany | C19: =SUMIFS(Data!$I$2:$I$3990,Data!$A$2:$A$3990,A19,Data!$J$2:$J$3990,1) -> 18.9 | D19: =IF(C19>10000,"HIGH VALUE","")
A20: 536381 | B20: =INDEX(Data!$H$2:$H$3990,MATCH(A20,Data!$A$2:$A$3990,0)) -> United Kingdom | C20: =SUMIFS(Data!$I$2:$I$3990,Data!$A$2:$A$3990,A20,Data!$J$2:$J$3990,1) -> 181.75 | D20: =IF(C20>10000,"HIGH VALUE","")
A21: 536382 | B21: =INDEX(Data!$H$2:$H$3990,MATCH(A21,Data!$A$2:$A$3990,0)) -> United Kingdom | C21: =SUMIFS(Data!$I$2:$I$3990,Data!$A$2:$A$3990,A21,Data!$J$2:$J$3990,1) -> 110.16 | D21: =IF(C21>10000,"HIGH VALUE","")
A22: 536383 | B22: =INDEX(Data!$H$2:$H$3990,MATCH(A22,Data!$A$2:$A$3990,0)) -> Switzerland | C22: =SUMIFS(Data!$I$2:$I$3990,Data!$A$2:$A$3990,A22,Data!$J$2:$J$3990,1) -> 46.8 | D22: =IF(C22>10000,"HIGH VALUE","")
A23: 536384 | B23: =INDEX(Data!$H$2:$H$3990,MATCH(A23,Data!$A$2:$A$3990,0)) -> United Kingdom | C23: =SUMIFS(Data!$I$2:$I$3990,Data!$A$2:$A$3990,A23,Data!$J$2:$J$3990,1) -> 13 | D23: =IF(C23>10000,"HIGH VALUE","")
... A723: 537084 | B723: =INDEX(Data!$H$2:$H$3990,MATCH(A723,Data!$A$2:$A$3990,0)) -> United Kingdom | C723: =SUMIFS(Data!$I$2:$I$3990,Data!$A$2:$A$3990,A723,Data!$J$2:$J$3990,1) -> 129.84 | D723: =IF(C723>10000,"HIGH VALUE","")

Sheet Task4_TTest
A1: Task 4: t-Test Two-Sample Assuming Unequal Variances (France vs Germany order values)
A3: France | B3: Germany | D3: t-Test: Two-Sample Assuming Unequal Variances | E3: France | F3: Germany
A4: 26.93 | B4: 178.6 | D4: Mean | E4: =AVERAGE(A4:A37) -> 176.14618 | F4: =AVERAGE(B4:B50) -> 775.88957
A5: 109.25 | B5: 173.23 | D5: Variance | E5: =VAR(A4:A37) -> 109462.56 | F5: =VAR(B4:B50) -> 3556818.5
A6: 256.62 | B6: 18.9 | D6: Observations | E6: =COUNT(A4:A37) -> 34 | F6: =COUNT(B4:B50) -> 47
A7: 5.42 | B7: 28.86 | D7: Hypothesized Mean Difference | E7: 0
A8: 994.83 | B8: 54.54 | D8: df | E8: =ROUND((E5/E6+F5/F6)^2/((E5/E6)^2/(E6-1)+(F5/F6)^2/(F6-1)),0) -> 50
A9: 1743.74 | B9: 8356.81 | D9: t Stat | E9: =(E4-F4-E7)/SQRT(E5/E6+F5/F6) -> -2.1351907
A10: 75.26 | B10: 18.31 | D10: P(T<=t) two-tail | E10: =TTEST(A4:A37,B4:B50,2,3) -> 0.03768142
A11: 6.63 | B11: 3140.61 | D11: Significance level (alpha) | E11: 0.05
A12: 24.21 | B12: 36.99 | D12: t Critical two-tail | E12: =TINV(E11,E8) -> 2.0085591
A13: 300.07 | B13: 6301.44
A14: 45.36 | B14: 236.56 | D14: Decision | E14: =IF(E10<E11,"Significant difference (reject H0)","Not significant (fail to reject H0)") -> Significant difference (reject H0)
A15: 18.2 | B15: 59.71
A16: 281.01 | B16: 428.83 | D16: Order values are copied from Task3_Order_Value (France and Germany invoices). Hypothesis: H0 means are equal; H1 means differ.
A17: 40.36 | B17: 120.98
A18: 129.87 | B18: 26.46
A19: 11.61 | B19: 7150.98
A20: 21.4 | B20: 80.56
A21: 26.33 | B21: 88.53
A22: 37.68 | B22: 58.17
A23: 160.7 | B23: 153.62
A24: 42.24 | B24: 172.12
A25: 351.9 | B25: 319.4
A26: 64.04 | B26: 4274.88
A27: 65.56 | B27: 181.61
A28: 43.74 | B28: 805.56
... A37: 66.13 | B37: 78.12
B38: 7.26
B39: 87.21
B40: 226.14
B41: 87.17
B42: 85.17
B43: 195.84
B44: 18.18
B45: 193.13
B46: 380.63
B47: 170.23
B48: 118.75
B49: 124.13
B50: 13.65

Sheet Insights
A1: Insights: key customer purchasing patterns
A3: Prompt given to the AI tool
A4: I analysed an e-commerce dataset (Online Retail). Facts: total sales {X}; top 3 countries by sales are {A}, {B}, {C} with shares {..}; average order value {..} and median {..}; {n} invoices above 10,000; sales peak in {month}; Sep-Nov accounts for {..}% of sales; France vs Germany order value t-test p = {..}. Write a short summary of the key purchasing patterns and business recommendations.
A6: AI summary (EXAMPLE written from the simulated stand-in data - replace the numbers with your real results)
A7: 1. High-value countries: the United Kingdom produces about 66% of sales, followed by Germany (15%) and EIRE (6%). Sales are concentrated in a few markets, so protecting UK and Germany customers matters most, while smaller markets such as Australia and the Netherlands show room to grow.
A8: 2. Order size: the average order value is about 436, but the median is only about 80. A few very large wholesale-style orders (3 invoices above 10,000, about 11% of all sales) pull the average up, so the average alone overstates a typical order.
A9: 3. Market differences: Germany's average order (about 776) is much larger than France's (about 176), and a two-sample t-test shows this difference is statistically significant (p = 0.038 < 0.05). Germany looks like a bulk-buying market, France like a small-basket market.
A10: 4. Seasonality: sales are about 27% in September to November against 25% for an even spread, pointing to a pre-Christmas build-up. Stock and marketing for gift items should start in early autumn.
A11: 5. Recommendation: offer volume discounts and dedicated account management to bulk buyers, run basket-building offers (bundles, free-shipping thresholds) for low-value markets, and prepare inventory for the autumn peak.
