Workbook

Sheet Responses
A1: Respondent ID | B1: Favorite App | C1: Payment Method | E1: Notes
A2: R01 | B2: Swiggy | C2: Credit Card | E2: 60 survey responses (simulated for this assignment; replace with real responses if available).
A3: R02 | B3: Swiggy | C3: Credit Card | E3: Blue text = typed input. Black text = formula.
A4: R03 | B4: Zomato | C4: Paytm | E4: Task1_Contingency counts these rows with COUNTIFS, so editing a response updates every sheet.
A5: R04 | B5: Uber Eats | C5: PhonePe
A6: R05 | B6: Uber Eats | C6: PhonePe
A7: R06 | B7: Uber Eats | C7: Paytm
A8: R07 | B8: Swiggy | C8: PhonePe
A9: R08 | B9: Swiggy | C9: PhonePe
A10: R09 | B10: Swiggy | C10: Credit Card
A11: R10 | B11: Swiggy | C11: PhonePe
A12: R11 | B12: Swiggy | C12: Paytm
A13: R12 | B13: Uber Eats | C13: Credit Card
A14: R13 | B14: Uber Eats | C14: Paytm
A15: R14 | B15: Zomato | C15: Paytm
A16: R15 | B16: Swiggy | C16: Paytm
... A61: R60 | B61: Swiggy | C61: Credit Card

Sheet Task1_Contingency
A1: Task 1: Contingency table - favorite app vs preferred payment method
A3: Favorite App \ Payment | B3: Paytm | C3: PhonePe | D3: Credit Card | E3: Total
A4: Zomato | B4: =COUNTIFS(Responses!$B$2:$B$61,$A4,Responses!$C$2:$C$61,B$3) -> 9 | C4: =COUNTIFS(Responses!$B$2:$B$61,$A4,Responses!$C$2:$C$61,C$3) -> 7 | D4: =COUNTIFS(Responses!$B$2:$B$61,$A4,Responses!$C$2:$C$61,D$3) -> 6 | E4: =SUM(B4:D4) -> 22
A5: Swiggy | B5: =COUNTIFS(Responses!$B$2:$B$61,$A5,Responses!$C$2:$C$61,B$3) -> 5 | C5: =COUNTIFS(Responses!$B$2:$B$61,$A5,Responses!$C$2:$C$61,C$3) -> 10 | D5: =COUNTIFS(Responses!$B$2:$B$61,$A5,Responses!$C$2:$C$61,D$3) -> 5 | E5: =SUM(B5:D5) -> 20
A6: Uber Eats | B6: =COUNTIFS(Responses!$B$2:$B$61,$A6,Responses!$C$2:$C$61,B$3) -> 5 | C6: =COUNTIFS(Responses!$B$2:$B$61,$A6,Responses!$C$2:$C$61,C$3) -> 6 | D6: =COUNTIFS(Responses!$B$2:$B$61,$A6,Responses!$C$2:$C$61,D$3) -> 7 | E6: =SUM(B6:D6) -> 18
A7: Total | B7: =SUM(B4:B6) -> 19 | C7: =SUM(C4:C6) -> 23 | D7: =SUM(D4:D6) -> 18 | E7: =SUM(E4:E6) -> 60
A9: Responses in data sheet | B9: =COUNTA(Responses!A2:A61) -> 60 | C9: =IF(E7=B9,"Check OK: totals match","Mismatch") -> Check OK: totals match
A11: Row percentages (payment mix within each app)
A12: Favorite App | B12: Paytm | C12: PhonePe | D12: Credit Card
A13: =A4 -> Zomato | B13: =B4/$E4 -> 0.40909091 | C13: =C4/$E4 -> 0.31818182 | D13: =D4/$E4 -> 0.27272727
A14: =A5 -> Swiggy | B14: =B5/$E5 -> 0.25 | C14: =C5/$E5 -> 0.5 | D14: =D5/$E5 -> 0.25
A15: =A6 -> Uber Eats | B15: =B6/$E6 -> 0.27777778 | C15: =C6/$E6 -> 0.33333333 | D15: =D6/$E6 -> 0.38888889

Sheet Task2_Expected
A1: Task 2: Expected counts under independence (music streaming preference by gender)
A3: Observed counts | B3: Males | C3: Females | D3: Total
A4: Spotify | B4: 12 | C4: 18 | D4: =SUM(B4:C4) -> 30
A5: Gaana | B5: 8 | C5: 7 | D5: =SUM(B5:C5) -> 15
A6: YouTube Music | B6: 10 | C6: 15 | D6: =SUM(B6:C6) -> 25
A7: Total | B7: =SUM(B4:B6) -> 30 | C7: =SUM(C4:C6) -> 40 | D7: =SUM(D4:D6) -> 70
A9: Expected = (row total x column total) / grand total
A10: Expected counts | B10: Males | C10: Females | D10: Total
A11: =A4 -> Spotify | B11: =$D4*B$7/$D$7 -> 12.857143 | C11: =$D4*C$7/$D$7 -> 17.142857 | D11: =SUM(B11:C11) -> 30
A12: =A5 -> Gaana | B12: =$D5*B$7/$D$7 -> 6.4285714 | C12: =$D5*C$7/$D$7 -> 8.5714286 | D12: =SUM(B12:C12) -> 15
A13: =A6 -> YouTube Music | B13: =$D6*B$7/$D$7 -> 10.714286 | C13: =$D6*C$7/$D$7 -> 14.285714 | D13: =SUM(B13:C13) -> 25
A14: Total | B14: =SUM(B11:B13) -> 30 | C14: =SUM(C11:C13) -> 40 | D14: =SUM(D11:D13) -> 70
A16: Observed counts are given in the question (blue = input).

Sheet Task3_ChiSquare
A1: Task 3: Chi-square test of independence (favorite app vs payment method)
A2: H0: app choice and payment method are independent. H1: they are associated.
A4: Step 1: Observed counts (linked to Task1_Contingency)
A5: Favorite App | B5: =Task1_Contingency!B3 -> Paytm | C5: =Task1_Contingency!C3 -> PhonePe | D5: =Task1_Contingency!D3 -> Credit Card | E5: Total
A6: =Task1_Contingency!A4 -> Zomato | B6: =Task1_Contingency!B4 -> 9 | C6: =Task1_Contingency!C4 -> 7 | D6: =Task1_Contingency!D4 -> 6 | E6: =Task1_Contingency!E4 -> 22
A7: =Task1_Contingency!A5 -> Swiggy | B7: =Task1_Contingency!B5 -> 5 | C7: =Task1_Contingency!C5 -> 10 | D7: =Task1_Contingency!D5 -> 5 | E7: =Task1_Contingency!E5 -> 20
A8: =Task1_Contingency!A6 -> Uber Eats | B8: =Task1_Contingency!B6 -> 5 | C8: =Task1_Contingency!C6 -> 6 | D8: =Task1_Contingency!D6 -> 7 | E8: =Task1_Contingency!E6 -> 18
A9: =Task1_Contingency!A7 -> Total | B9: =Task1_Contingency!B7 -> 19 | C9: =Task1_Contingency!C7 -> 23 | D9: =Task1_Contingency!D7 -> 18 | E9: =Task1_Contingency!E7 -> 60
A11: Step 2: Expected counts = row total x column total / grand total
A12: Favorite App | B12: =B5 -> Paytm | C12: =C5 -> PhonePe | D12: =D5 -> Credit Card
A13: =A6 -> Zomato | B13: =$E6*B$9/$E$9 -> 6.9666667 | C13: =$E6*C$9/$E$9 -> 8.4333333 | D13: =$E6*D$9/$E$9 -> 6.6
A14: =A7 -> Swiggy | B14: =$E7*B$9/$E$9 -> 6.3333333 | C14: =$E7*C$9/$E$9 -> 7.6666667 | D14: =$E7*D$9/$E$9 -> 6
A15: =A8 -> Uber Eats | B15: =$E8*B$9/$E$9 -> 5.7 | C15: =$E8*C$9/$E$9 -> 6.9 | D15: =$E8*D$9/$E$9 -> 5.4
A17: Step 3: Cell contributions (O - E)^2 / E
A18: Favorite App | B18: =B5 -> Paytm | C18: =C5 -> PhonePe | D18: =D5 -> Credit Card
A19: =A6 -> Zomato | B19: =(B6-B13)^2/B13 -> 0.59346093 | C19: =(C6-C13)^2/C13 -> 0.24361001 | D19: =(D6-D13)^2/D13 -> 0.054545455
A20: =A7 -> Swiggy | B20: =(B7-B14)^2/B14 -> 0.28070175 | C20: =(C7-C14)^2/C14 -> 0.71014493 | D20: =(D7-D14)^2/D14 -> 0.16666667
A21: =A8 -> Uber Eats | B21: =(B8-B15)^2/B15 -> 0.085964912 | C21: =(C8-C15)^2/C15 -> 0.1173913 | D21: =(D8-D15)^2/D15 -> 0.47407407
A23: Step 4: Test statistic and decision
A24: Chi-square statistic = sum of contributions | B24: =SUM(B19:D21) -> 2.72656
A25: Degrees of freedom = (rows-1) x (columns-1) | B25: =(ROWS(B6:D8)-1)*(COLUMNS(B6:D8)-1) -> 4
A26: Significance level (alpha) | B26: 0.05
A27: Critical value | B27: =CHIINV(B26,B25) -> 9.487729
A28: p-value | B28: =CHIDIST(B24,B25) -> 0.60457501
A29: Check: CHITEST(observed, expected) | B29: =CHITEST(B6:D8,B13:D15) -> 0.60457501
A30: Smallest expected count (should be >= 5) | B30: =MIN(B13:D15) -> 5.4
A31: Cramer's V (effect size) | B31: =SQRT(B24/(E9*(MIN(ROWS(B6:D8),COLUMNS(B6:D8))-1))) -> 0.15073597
A32: Decision | B32: =IF(B24>B27,"Reject H0: significant association","Fail to reject H0: no significant association") -> Fail to reject H0: no significant association
A34: Alpha (blue) is an input; everything else recalculates from the Responses sheet.

Sheet Task4_GoodnessOfFit
A1: Task 4: Chi-square goodness of fit (Flipkart new product, claim: 70% prefer it)
A2: H0: 70% prefer / 30% do not. H1: the proportions differ from 70% / 30%.
A4: Category | B4: Observed | C4: Claimed proportion | D4: Expected | E4: (O-E)^2/E
A5: Prefer new product | B5: 18 | C5: 0.7 | D5: =$B$7*C5 -> 21 | E5: =(B5-D5)^2/D5 -> 0.42857143
A6: Do not prefer | B6: 12 | C6: 0.3 | D6: =$B$7*C6 -> 9 | E6: =(B6-D6)^2/D6 -> 1
A7: Total | B7: =SUM(B5:B6) -> 30 | C7: =SUM(C5:C6) -> 1 | D7: =SUM(D5:D6) -> 30 | E7: =SUM(E5:E6) -> 1.4285714
A9: Chi-square statistic | B9: =E7 -> 1.4285714
A10: Degrees of freedom = categories - 1 | B10: =ROWS(B5:B6)-1 -> 1
A11: Significance level (alpha) | B11: 0.05
A12: Critical value | B12: =CHIINV(B11,B10) -> 3.8414588
A13: p-value | B13: =CHIDIST(B9,B10) -> 0.23199772
A14: Check: CHITEST(observed, expected) | B14: =CHITEST(B5:B6,D5:D6) -> 0.23199772
A15: All expected counts >= 5? | B15: =IF(MIN(D5:D6)>=5,"Yes","No") -> Yes
A16: Observed share preferring new product | B16: =B5/B7 -> 0.6
A17: Decision | B17: =IF(B9>B12,"Reject H0: claim not supported","Fail to reject H0: data consistent with the 70% claim") -> Fail to reject H0: data consistent with the 70% claim
A19: Observed counts, claimed proportions and alpha (blue) are inputs from the question.
